Ticket_ID,Open_Date,Close_Date,Category,Priority,Assigned_Team,SLA_Hours,Resolution_Hours
1,2025-04-13,2025-04-15 07:00:00,Network,High,Team C,24,55
2,2025-03-13,2025-03-15 16:00:00,Network,High,Team B,24,64
3,2025-03-16,2025-03-19 06:00:00,Security,Low,Team C,72,78
4,2025-05-30,2025-06-01 08:00:00,Software,Medium,Team B,48,56
5,2025-05-10,2025-05-12 19:00:00,Security,Low,Team A,72,67
6,2025-02-27,2025-02-28 01:00:00,Network,Low,Team A,72,25
7,2025-02-28,2025-03-01 21:00:00,Security,High,Team B,24,45
8,2025-06-24,2025-06-26 17:00:00,Hardware,High,Team A,24,65
9,2025-05-11,2025-05-13 06:00:00,Hardware,Low,Team A,72,54
10,2025-06-16,2025-06-16 21:00:00,Security,Low,Team B,72,21
11,2025-01-09,2025-01-12 21:00:00,Network,Medium,Team C,48,93
12,2025-06-21,2025-06-21 11:00:00,Hardware,High,Team B,24,11
13,2025-03-22,2025-03-23 15:00:00,Software,Medium,Team B,48,39
14,2025-05-14,2025-05-16 09:00:00,Software,Medium,Team A,48,57
15,2025-05-26,2025-05-29 21:00:00,Security,Medium,Team B,48,93
16,2025-01-14,2025-01-16 03:00:00,Hardware,Medium,Team C,48,51
17,2025-02-09,2025-02-12 16:00:00,Security,Low,Team B,72,88
18,2025-04-21,2025-04-23 08:00:00,Security,Medium,Team A,48,56
19,2025-05-04,2025-05-05 20:00:00,Network,High,Team A,24,44
20,2025-03-06,2025-03-09 20:00:00,Hardware,Low,Team A,72,92
21,2025-05-16,2025-05-19 19:00:00,Hardware,High,Team C,24,91
22,2025-03-22,2025-03-22 11:00:00,Hardware,High,Team A,24,11
23,2025-05-03,2025-05-03 08:00:00,Software,High,Team B,24,8
24,2025-02-10,2025-02-11 07:00:00,Hardware,Low,Team B,72,31
25,2025-02-02,2025-02-04 03:00:00,Hardware,High,Team B,24,51
26,2025-02-06,2025-02-07 23:00:00,Security,Medium,Team C,48,47
27,2025-02-04,2025-02-06 20:00:00,Hardware,Low,Team C,72,68
28,2025-05-11,2025-05-11 04:00:00,Network,Medium,Team C,48,4
29,2025-05-22,2025-05-23 06:00:00,Network,High,Team C,24,30
30,2025-03-31,2025-04-01 21:00:00,Security,Low,Team C,72,45
31,2025-03-04,2025-03-06 07:00:00,Network,Medium,Team A,48,55
32,2025-05-31,2025-05-31 18:00:00,Hardware,Low,Team A,72,18
33,2025-06-09,2025-06-12 02:00:00,Hardware,High,Team B,24,74
34,2025-01-28,2025-01-30 21:00:00,Software,Low,Team B,72,69
35,2025-05-14,2025-05-15 07:00:00,Security,Medium,Team B,48,31
36,2025-03-16,2025-03-19 23:00:00,Network,High,Team B,24,95
37,2025-05-09,2025-05-10 06:00:00,Software,Low,Team A,72,30
38,2025-01-03,2025-01-06 01:00:00,Security,High,Team A,24,73
39,2025-03-03,2025-03-04 16:00:00,Network,High,Team B,24,40
40,2025-06-21,2025-06-22 03:00:00,Hardware,High,Team B,24,27
41,2025-06-09,2025-06-12 19:00:00,Network,Low,Team B,72,91
42,2025-02-21,2025-02-21 15:00:00,Software,High,Team B,24,15
43,2025-05-11,2025-05-13 11:00:00,Network,High,Team A,24,59
44,2025-01-02,2025-01-02 05:00:00,Security,Medium,Team C,48,5
45,2025-05-09,2025-05-09 22:00:00,Software,Medium,Team A,48,22
46,2025-06-21,2025-06-24 21:00:00,Security,Medium,Team C,48,93
47,2025-03-09,2025-03-11 10:00:00,Hardware,High,Team A,24,58
48,2025-02-07,2025-02-08 03:00:00,Network,Medium,Team B,48,27
49,2025-05-19,2025-05-19 19:00:00,Network,Low,Team C,72,19
50,2025-03-11,2025-03-14 11:00:00,Network,High,Team C,24,83
51,2025-06-13,2025-06-13 22:00:00,Software,High,Team C,24,22
52,2025-05-27,2025-05-27 23:00:00,Security,High,Team A,24,23
53,2025-06-10,2025-06-11 19:00:00,Security,High,Team B,24,43
54,2025-04-14,2025-04-14 04:00:00,Hardware,Low,Team A,72,4
55,2025-06-27,2025-06-28 02:00:00,Hardware,Medium,Team B,48,26
56,2025-04-09,2025-04-09 10:00:00,Security,Medium,Team A,48,10
57,2025-03-01,2025-03-01 05:00:00,Network,Medium,Team A,48,5
58,2025-02-06,2025-02-07 11:00:00,Hardware,High,Team A,24,35
59,2025-04-09,2025-04-09 22:00:00,Security,High,Team B,24,22
60,2025-04-30,2025-05-01 12:00:00,Security,High,Team A,24,36
61,2025-06-13,2025-06-14 17:00:00,Security,Medium,Team C,48,41
62,2025-04-22,2025-04-25 20:00:00,Hardware,Low,Team A,72,92
63,2025-05-26,2025-05-29 13:00:00,Software,Medium,Team C,48,85
64,2025-06-18,2025-06-19 12:00:00,Security,Low,Team B,72,36
65,2025-01-21,2025-01-23 03:00:00,Security,High,Team C,24,51
66,2025-05-25,2025-05-26 12:00:00,Security,High,Team C,24,36
67,2025-04-29,2025-04-30 01:00:00,Software,Medium,Team B,48,25
68,2025-04-19,2025-04-21 06:00:00,Software,High,Team C,24,54
69,2025-01-21,2025-01-22 09:00:00,Network,High,Team A,24,33
70,2025-03-02,2025-03-04 03:00:00,Hardware,High,Team A,24,51
71,2025-01-17,2025-01-18 23:00:00,Security,Medium,Team A,48,47
72,2025-02-15,2025-02-15 09:00:00,Hardware,Low,Team A,72,9
73,2025-01-24,2025-01-26 01:00:00,Network,High,Team C,24,49
74,2025-04-26,2025-04-28 18:00:00,Network,Low,Team C,72,66
75,2025-06-10,2025-06-12 22:00:00,Security,Medium,Team A,48,70
76,2025-02-23,2025-02-25 13:00:00,Hardware,Medium,Team B,48,61
77,2025-02-01,2025-02-03 02:00:00,Software,High,Team B,24,50
78,2025-05-07,2025-05-08 06:00:00,Software,Medium,Team B,48,30
79,2025-01-17,2025-01-18 12:00:00,Network,High,Team B,24,36
80,2025-06-25,2025-06-26 18:00:00,Network,Medium,Team C,48,42
81,2025-01-26,2025-01-28 05:00:00,Network,Low,Team B,72,53
82,2025-05-15,2025-05-17 12:00:00,Security,Low,Team A,72,60
83,2025-01-08,2025-01-08 19:00:00,Software,High,Team C,24,19
84,2025-05-23,2025-05-26 23:00:00,Software,Medium,Team C,48,95
85,2025-03-27,2025-03-29 06:00:00,Network,Medium,Team C,48,54
86,2025-05-05,2025-05-06 01:00:00,Software,Medium,Team B,48,25
87,2025-02-18,2025-02-20 07:00:00,Software,Medium,Team C,48,55
88,2025-02-23,2025-02-25 15:00:00,Network,Low,Team A,72,63
89,2025-03-01,2025-03-01 08:00:00,Hardware,Medium,Team A,48,8
90,2025-04-26,2025-04-28 02:00:00,Hardware,High,Team A,24,50
91,2025-04-24,2025-04-25 09:00:00,Hardware,Low,Team C,72,33
92,2025-01-19,2025-01-22 23:00:00,Software,High,Team B,24,95
93,2025-04-27,2025-04-29 17:00:00,Hardware,High,Team A,24,65
94,2025-05-20,2025-05-20 04:00:00,Software,Medium,Team A,48,4
95,2025-02-03,2025-02-05 03:00:00,Network,Low,Team A,72,51
96,2025-05-09,2025-05-09 19:00:00,Network,High,Team C,24,19
97,2025-03-10,2025-03-11 01:00:00,Network,High,Team C,24,25
98,2025-03-17,2025-03-18 05:00:00,Security,High,Team A,24,29
99,2025-03-27,2025-03-29 12:00:00,Network,Medium,Team A,48,60
100,2025-02-16,2025-02-18 17:00:00,Security,Low,Team B,72,65
101,2025-06-25,2025-06-28 16:00:00,Hardware,Low,Team B,72,88
102,2025-04-11,2025-04-12 02:00:00,Software,Medium,Team B,48,26
103,2025-03-10,2025-03-11 13:00:00,Security,High,Team B,24,37
104,2025-05-27,2025-05-29 13:00:00,Security,Low,Team A,72,61
105,2025-01-04,2025-01-04 19:00:00,Security,High,Team B,24,19
106,2025-05-08,2025-05-09 11:00:00,Hardware,Medium,Team C,48,35
107,2025-05-04,2025-05-05 12:00:00,Network,Low,Team C,72,36
108,2025-06-20,2025-06-20 15:00:00,Hardware,Low,Team A,72,15
109,2025-06-17,2025-06-20 05:00:00,Hardware,Low,Team A,72,77
110,2025-01-12,2025-01-14 01:00:00,Software,Low,Team C,72,49
111,2025-02-04,2025-02-07 18:00:00,Network,Medium,Team A,48,90
112,2025-06-03,2025-06-06 05:00:00,Software,Medium,Team B,48,77
113,2025-04-25,2025-04-25 10:00:00,Security,Medium,Team A,48,10
114,2025-04-24,2025-04-27 06:00:00,Network,Low,Team A,72,78
115,2025-06-13,2025-06-13 13:00:00,Network,Low,Team C,72,13
116,2025-06-26,2025-06-27 15:00:00,Software,Low,Team C,72,39
117,2025-04-06,2025-04-07 03:00:00,Hardware,Medium,Team A,48,27
118,2025-01-12,2025-01-14 10:00:00,Network,High,Team A,24,58
119,2025-04-09,2025-04-10 09:00:00,Network,Low,Team B,72,33
120,2025-03-25,2025-03-28 20:00:00,Software,Low,Team C,72,92
121,2025-01-19,2025-01-21 04:00:00,Security,Low,Team A,72,52
122,2025-05-27,2025-05-30 07:00:00,Network,High,Team B,24,79
123,2025-05-08,2025-05-10 07:00:00,Hardware,Medium,Team C,48,55
124,2025-05-24,2025-05-27 00:00:00,Hardware,Low,Team C,72,72
125,2025-02-22,2025-02-23 02:00:00,Security,Low,Team C,72,26
126,2025-04-19,2025-04-21 08:00:00,Software,Medium,Team C,48,56
127,2025-05-22,2025-05-22 08:00:00,Hardware,High,Team A,24,8
128,2025-03-16,2025-03-16 21:00:00,Hardware,Low,Team B,72,21
129,2025-05-25,2025-05-25 10:00:00,Software,Low,Team B,72,10
130,2025-05-17,2025-05-19 05:00:00,Hardware,Medium,Team B,48,53
131,2025-01-05,2025-01-06 08:00:00,Network,Medium,Team C,48,32
132,2025-05-16,2025-05-18 20:00:00,Software,Low,Team C,72,68
133,2025-03-12,2025-03-15 20:00:00,Network,Medium,Team C,48,92
134,2025-01-19,2025-01-21 16:00:00,Security,Medium,Team C,48,64
135,2025-04-01,2025-04-04 05:00:00,Software,High,Team C,24,77
136,2025-05-06,2025-05-08 22:00:00,Network,Low,Team B,72,70
137,2025-05-06,2025-05-08 13:00:00,Security,Low,Team C,72,61
138,2025-04-15,2025-04-16 18:00:00,Network,High,Team A,24,42
139,2025-04-02,2025-04-04 17:00:00,Network,High,Team A,24,65
140,2025-06-02,2025-06-04 11:00:00,Network,Medium,Team A,48,59
141,2025-05-14,2025-05-16 13:00:00,Security,Low,Team A,72,61
142,2025-03-02,2025-03-04 02:00:00,Network,Medium,Team A,48,50
143,2025-06-13,2025-06-13 22:00:00,Security,Low,Team B,72,22
144,2025-02-16,2025-02-18 04:00:00,Software,High,Team C,24,52
145,2025-01-01,2025-01-03 09:00:00,Software,High,Team C,24,57
146,2025-01-12,2025-01-15 05:00:00,Security,Medium,Team A,48,77
147,2025-01-08,2025-01-11 23:00:00,Security,Medium,Team B,48,95
148,2025-03-01,2025-03-03 05:00:00,Security,Low,Team A,72,53
149,2025-06-04,2025-06-06 18:00:00,Network,Low,Team A,72,66
150,2025-06-06,2025-06-06 16:00:00,Software,High,Team A,24,16
151,2025-05-14,2025-05-17 13:00:00,Hardware,Low,Team C,72,85
152,2025-06-02,2025-06-04 21:00:00,Software,Medium,Team B,48,69
153,2025-04-19,2025-04-19 08:00:00,Hardware,Low,Team B,72,8
154,2025-03-06,2025-03-06 21:00:00,Security,High,Team A,24,21
155,2025-01-11,2025-01-14 16:00:00,Software,High,Team A,24,88
156,2025-03-27,2025-03-29 14:00:00,Hardware,Low,Team A,72,62
157,2025-06-10,2025-06-10 04:00:00,Network,High,Team B,24,4
158,2025-04-05,2025-04-05 08:00:00,Software,High,Team A,24,8
159,2025-01-23,2025-01-25 08:00:00,Network,Medium,Team B,48,56
160,2025-03-24,2025-03-24 20:00:00,Network,Medium,Team A,48,20
161,2025-04-20,2025-04-20 04:00:00,Hardware,Low,Team A,72,4
162,2025-01-04,2025-01-06 17:00:00,Network,Low,Team B,72,65
163,2025-04-02,2025-04-05 03:00:00,Hardware,Medium,Team B,48,75
164,2025-06-11,2025-06-13 09:00:00,Software,High,Team C,24,57
165,2025-02-19,2025-02-19 15:00:00,Network,Medium,Team A,48,15
166,2025-02-26,2025-02-26 20:00:00,Security,High,Team C,24,20
167,2025-05-31,2025-06-03 10:00:00,Network,Low,Team B,72,82
168,2025-03-07,2025-03-10 06:00:00,Hardware,High,Team B,24,78
169,2025-02-07,2025-02-09 05:00:00,Software,Medium,Team B,48,53
170,2025-03-20,2025-03-23 22:00:00,Hardware,High,Team B,24,94
171,2025-02-21,2025-02-22 17:00:00,Network,High,Team B,24,41
172,2025-04-16,2025-04-18 06:00:00,Network,Low,Team A,72,54
173,2025-05-12,2025-05-12 13:00:00,Security,Low,Team B,72,13
174,2025-01-17,2025-01-20 15:00:00,Security,Low,Team B,72,87
175,2025-01-06,2025-01-08 08:00:00,Software,Low,Team B,72,56
176,2025-02-12,2025-02-15 06:00:00,Hardware,High,Team A,24,78
177,2025-05-31,2025-06-02 10:00:00,Security,High,Team C,24,58
178,2025-04-28,2025-04-28 19:00:00,Security,Low,Team C,72,19
179,2025-04-06,2025-04-08 22:00:00,Hardware,Low,Team B,72,70
180,2025-03-02,2025-03-04 06:00:00,Hardware,Low,Team A,72,54
181,2025-04-02,2025-04-03 21:00:00,Network,Medium,Team A,48,45
182,2025-03-11,2025-03-11 04:00:00,Network,Low,Team B,72,4
183,2025-02-15,2025-02-16 13:00:00,Network,Medium,Team B,48,37
184,2025-02-14,2025-02-15 06:00:00,Network,Medium,Team A,48,30
185,2025-02-16,2025-02-19 17:00:00,Hardware,Medium,Team C,48,89
186,2025-03-04,2025-03-06 03:00:00,Network,Low,Team B,72,51
187,2025-02-05,2025-02-05 04:00:00,Security,Low,Team C,72,4
188,2025-06-29,2025-07-02 10:00:00,Hardware,High,Team B,24,82
189,2025-01-14,2025-01-17 21:00:00,Security,High,Team B,24,93
190,2025-05-10,2025-05-11 05:00:00,Software,High,Team C,24,29
191,2025-01-07,2025-01-07 06:00:00,Hardware,High,Team B,24,6
192,2025-04-17,2025-04-17 21:00:00,Software,Medium,Team C,48,21
193,2025-04-25,2025-04-25 18:00:00,Security,Low,Team C,72,18
194,2025-01-28,2025-01-31 05:00:00,Hardware,Low,Team A,72,77
195,2025-03-27,2025-03-30 21:00:00,Software,Low,Team A,72,93
196,2025-01-13,2025-01-16 15:00:00,Network,Medium,Team C,48,87
197,2025-04-19,2025-04-19 21:00:00,Hardware,High,Team B,24,21
198,2025-02-03,2025-02-03 11:00:00,Security,Low,Team C,72,11
199,2025-02-11,2025-02-12 20:00:00,Network,Medium,Team B,48,44
200,2025-03-05,2025-03-07 14:00:00,Security,High,Team A,24,62
201,2025-05-01,2025-05-02 12:00:00,Network,Medium,Team A,48,36
202,2025-03-11,2025-03-11 07:00:00,Software,High,Team B,24,7
203,2025-03-03,2025-03-04 03:00:00,Hardware,Low,Team C,72,27
204,2025-05-11,2025-05-12 10:00:00,Security,Low,Team C,72,34
205,2025-01-06,2025-01-08 21:00:00,Security,High,Team C,24,69
206,2025-05-14,2025-05-16 06:00:00,Software,Low,Team B,72,54
207,2025-03-20,2025-03-23 06:00:00,Security,Medium,Team C,48,78
208,2025-06-22,2025-06-23 23:00:00,Network,Medium,Team B,48,47
209,2025-04-28,2025-04-30 23:00:00,Hardware,Low,Team A,72,71
210,2025-05-20,2025-05-22 02:00:00,Network,Medium,Team B,48,50
211,2025-03-05,2025-03-06 17:00:00,Network,Medium,Team C,48,41
212,2025-04-10,2025-04-13 08:00:00,Hardware,High,Team A,24,80
213,2025-05-14,2025-05-16 05:00:00,Security,Medium,Team A,48,53
214,2025-05-31,2025-05-31 13:00:00,Security,Medium,Team A,48,13
215,2025-06-17,2025-06-17 05:00:00,Security,Low,Team C,72,5
216,2025-04-11,2025-04-14 04:00:00,Network,Low,Team C,72,76
217,2025-05-23,2025-05-24 03:00:00,Software,High,Team C,24,27
218,2025-04-04,2025-04-06 04:00:00,Network,Medium,Team B,48,52
219,2025-03-19,2025-03-22 06:00:00,Network,Medium,Team C,48,78
220,2025-02-04,2025-02-04 04:00:00,Security,Medium,Team A,48,4
221,2025-03-13,2025-03-13 14:00:00,Network,Low,Team B,72,14
222,2025-03-01,2025-03-02 09:00:00,Hardware,Low,Team A,72,33
223,2025-01-05,2025-01-08 14:00:00,Hardware,Medium,Team B,48,86
224,2025-03-03,2025-03-03 07:00:00,Network,Low,Team B,72,7
225,2025-03-30,2025-03-30 21:00:00,Security,High,Team B,24,21
226,2025-02-01,2025-02-03 06:00:00,Network,Medium,Team A,48,54
227,2025-01-23,2025-01-25 18:00:00,Hardware,Low,Team A,72,66
228,2025-05-25,2025-05-27 21:00:00,Software,Low,Team C,72,69
229,2025-02-08,2025-02-10 06:00:00,Software,Medium,Team C,48,54
230,2025-05-15,2025-05-17 06:00:00,Security,Medium,Team C,48,54
231,2025-04-21,2025-04-22 08:00:00,Network,Medium,Team C,48,32
232,2025-06-04,2025-06-05 15:00:00,Network,Medium,Team A,48,39
233,2025-04-07,2025-04-08 06:00:00,Hardware,Low,Team B,72,30
234,2025-03-27,2025-03-29 21:00:00,Software,Low,Team C,72,69
235,2025-03-15,2025-03-16 17:00:00,Network,High,Team C,24,41
236,2025-04-19,2025-04-22 19:00:00,Security,High,Team A,24,91
237,2025-05-16,2025-05-16 08:00:00,Network,High,Team A,24,8
238,2025-05-10,2025-05-11 06:00:00,Hardware,High,Team C,24,30
239,2025-06-13,2025-06-14 15:00:00,Software,High,Team C,24,39
240,2025-03-10,2025-03-10 23:00:00,Hardware,Medium,Team B,48,23
241,2025-04-14,2025-04-15 17:00:00,Software,High,Team C,24,41
242,2025-03-31,2025-04-02 01:00:00,Hardware,Medium,Team A,48,49
243,2025-04-14,2025-04-16 17:00:00,Software,Low,Team A,72,65
244,2025-04-21,2025-04-23 15:00:00,Hardware,Low,Team A,72,63
245,2025-03-13,2025-03-16 23:00:00,Hardware,Medium,Team A,48,95
246,2025-02-20,2025-02-21 08:00:00,Software,Low,Team B,72,32
247,2025-01-11,2025-01-12 02:00:00,Network,Medium,Team A,48,26
248,2025-05-29,2025-06-01 21:00:00,Software,Medium,Team C,48,93
249,2025-02-26,2025-02-26 04:00:00,Hardware,Medium,Team C,48,4
250,2025-04-25,2025-04-26 19:00:00,Hardware,Low,Team C,72,43
251,2025-02-22,2025-02-22 12:00:00,Software,Low,Team A,72,12
252,2025-06-03,2025-06-04 20:00:00,Hardware,High,Team A,24,44
253,2025-03-31,2025-04-03 06:00:00,Software,Medium,Team C,48,78
254,2025-06-11,2025-06-14 22:00:00,Network,High,Team C,24,94
255,2025-04-18,2025-04-20 06:00:00,Software,Low,Team C,72,54
256,2025-06-29,2025-07-02 01:00:00,Network,Low,Team A,72,73
257,2025-01-29,2025-01-31 18:00:00,Hardware,Medium,Team B,48,66
258,2025-06-05,2025-06-08 16:00:00,Network,High,Team A,24,88
259,2025-03-25,2025-03-27 04:00:00,Security,Medium,Team B,48,52
260,2025-03-04,2025-03-06 16:00:00,Security,Low,Team C,72,64
261,2025-01-01,2025-01-01 16:00:00,Software,High,Team C,24,16
262,2025-05-03,2025-05-05 11:00:00,Hardware,Medium,Team B,48,59
263,2025-01-29,2025-01-31 04:00:00,Network,Low,Team B,72,52
264,2025-05-24,2025-05-25 19:00:00,Hardware,Medium,Team A,48,43
265,2025-03-19,2025-03-21 02:00:00,Software,Medium,Team B,48,50
266,2025-04-23,2025-04-24 17:00:00,Hardware,High,Team A,24,41
267,2025-01-08,2025-01-09 08:00:00,Hardware,High,Team C,24,32
268,2025-02-01,2025-02-01 13:00:00,Software,High,Team B,24,13
269,2025-06-11,2025-06-14 18:00:00,Hardware,Medium,Team C,48,90
270,2025-04-03,2025-04-03 11:00:00,Network,Low,Team C,72,11
271,2025-03-08,2025-03-11 19:00:00,Hardware,High,Team C,24,91
272,2025-03-13,2025-03-15 09:00:00,Network,High,Team A,24,57
273,2025-03-08,2025-03-10 06:00:00,Network,High,Team B,24,54
274,2025-02-04,2025-02-07 19:00:00,Software,Medium,Team C,48,91
275,2025-05-24,2025-05-26 23:00:00,Security,Low,Team B,72,71
276,2025-05-22,2025-05-24 10:00:00,Security,Medium,Team C,48,58
277,2025-03-15,2025-03-15 10:00:00,Network,High,Team A,24,10
278,2025-05-27,2025-05-27 22:00:00,Security,Low,Team B,72,22
279,2025-01-02,2025-01-02 04:00:00,Hardware,Low,Team C,72,4
280,2025-05-10,2025-05-12 22:00:00,Hardware,High,Team A,24,70
281,2025-02-06,2025-02-07 17:00:00,Security,Medium,Team A,48,41
282,2025-02-22,2025-02-23 23:00:00,Hardware,Medium,Team B,48,47
283,2025-04-18,2025-04-19 03:00:00,Network,Medium,Team B,48,27
284,2025-04-30,2025-05-02 14:00:00,Software,High,Team A,24,62
285,2025-04-24,2025-04-27 12:00:00,Software,Low,Team B,72,84
286,2025-01-25,2025-01-28 04:00:00,Software,Medium,Team C,48,76
287,2025-01-04,2025-01-05 05:00:00,Software,Low,Team A,72,29
288,2025-04-08,2025-04-11 18:00:00,Network,High,Team B,24,90
289,2025-05-26,2025-05-29 16:00:00,Software,Low,Team B,72,88
290,2025-02-03,2025-02-03 20:00:00,Network,Low,Team B,72,20
291,2025-05-02,2025-05-05 07:00:00,Hardware,Low,Team B,72,79
292,2025-03-27,2025-03-30 16:00:00,Hardware,Low,Team C,72,88
293,2025-05-14,2025-05-17 22:00:00,Security,Medium,Team A,48,94
294,2025-02-22,2025-02-25 02:00:00,Software,Low,Team A,72,74
295,2025-06-03,2025-06-06 16:00:00,Security,Medium,Team B,48,88
296,2025-02-15,2025-02-17 19:00:00,Software,Medium,Team C,48,67
297,2025-02-20,2025-02-22 08:00:00,Security,High,Team B,24,56
298,2025-01-29,2025-01-30 00:00:00,Hardware,High,Team A,24,24
299,2025-02-08,2025-02-10 09:00:00,Software,High,Team C,24,57
300,2025-06-01,2025-06-02 01:00:00,Network,Low,Team B,72,25
301,2025-02-05,2025-02-05 23:00:00,Hardware,High,Team C,24,23
302,2025-03-22,2025-03-24 17:00:00,Hardware,Low,Team C,72,65
303,2025-06-03,2025-06-05 21:00:00,Network,Low,Team A,72,69
304,2025-02-09,2025-02-09 20:00:00,Network,Low,Team A,72,20
305,2025-06-20,2025-06-21 21:00:00,Network,High,Team C,24,45
306,2025-05-11,2025-05-12 23:00:00,Hardware,Medium,Team B,48,47
307,2025-04-08,2025-04-08 15:00:00,Hardware,Low,Team C,72,15
308,2025-02-18,2025-02-20 16:00:00,Network,Medium,Team A,48,64
309,2025-02-24,2025-02-26 02:00:00,Security,Medium,Team C,48,50
310,2025-01-08,2025-01-09 00:00:00,Network,High,Team A,24,24
311,2025-04-28,2025-05-01 11:00:00,Software,Low,Team B,72,83
312,2025-03-30,2025-03-30 15:00:00,Hardware,High,Team B,24,15
313,2025-04-19,2025-04-20 05:00:00,Hardware,Medium,Team C,48,29
314,2025-05-25,2025-05-26 02:00:00,Software,Low,Team B,72,26
315,2025-05-15,2025-05-15 17:00:00,Hardware,Low,Team C,72,17
316,2025-05-17,2025-05-19 03:00:00,Security,Medium,Team C,48,51
317,2025-03-23,2025-03-24 18:00:00,Hardware,Medium,Team C,48,42
318,2025-04-13,2025-04-13 20:00:00,Software,High,Team C,24,20
319,2025-04-18,2025-04-20 15:00:00,Network,Medium,Team C,48,63
320,2025-02-06,2025-02-07 22:00:00,Security,Medium,Team C,48,46
321,2025-04-18,2025-04-19 18:00:00,Hardware,Low,Team A,72,42
322,2025-06-02,2025-06-02 16:00:00,Software,Low,Team A,72,16
323,2025-06-19,2025-06-21 21:00:00,Hardware,High,Team B,24,69
324,2025-02-03,2025-02-04 09:00:00,Hardware,High,Team A,24,33
325,2025-05-21,2025-05-21 21:00:00,Security,High,Team C,24,21
326,2025-02-08,2025-02-10 01:00:00,Security,Low,Team B,72,49
327,2025-03-03,2025-03-05 12:00:00,Security,High,Team A,24,60
328,2025-01-10,2025-01-11 09:00:00,Network,High,Team C,24,33
329,2025-03-25,2025-03-25 08:00:00,Network,Medium,Team A,48,8
330,2025-01-03,2025-01-05 00:00:00,Software,Medium,Team B,48,48
331,2025-03-09,2025-03-09 21:00:00,Software,Low,Team A,72,21
332,2025-06-25,2025-06-27 20:00:00,Network,Medium,Team C,48,68
333,2025-03-14,2025-03-14 18:00:00,Network,Low,Team C,72,18
334,2025-02-06,2025-02-08 16:00:00,Network,High,Team B,24,64
335,2025-02-08,2025-02-10 11:00:00,Hardware,Medium,Team C,48,59
336,2025-03-03,2025-03-06 08:00:00,Software,Low,Team C,72,80
337,2025-02-21,2025-02-21 07:00:00,Hardware,Low,Team C,72,7
338,2025-02-23,2025-02-26 05:00:00,Hardware,Medium,Team A,48,77
339,2025-06-18,2025-06-18 06:00:00,Security,Medium,Team A,48,6
340,2025-01-05,2025-01-07 09:00:00,Hardware,High,Team A,24,57
341,2025-01-09,2025-01-09 23:00:00,Software,Low,Team A,72,23
342,2025-05-03,2025-05-04 14:00:00,Software,Medium,Team B,48,38
343,2025-05-25,2025-05-28 19:00:00,Hardware,High,Team B,24,91
344,2025-01-13,2025-01-16 20:00:00,Network,Medium,Team A,48,92
345,2025-04-08,2025-04-08 14:00:00,Network,High,Team C,24,14
346,2025-01-29,2025-01-29 12:00:00,Hardware,Low,Team B,72,12
347,2025-03-17,2025-03-18 21:00:00,Network,High,Team A,24,45
348,2025-01-05,2025-01-05 14:00:00,Hardware,Medium,Team C,48,14
349,2025-02-07,2025-02-10 03:00:00,Hardware,Low,Team B,72,75
350,2025-05-26,2025-05-29 01:00:00,Network,Low,Team A,72,73
351,2025-03-22,2025-03-23 19:00:00,Network,Medium,Team A,48,43
352,2025-04-25,2025-04-27 13:00:00,Hardware,Medium,Team C,48,61
353,2025-02-02,2025-02-02 09:00:00,Security,High,Team A,24,9
354,2025-02-28,2025-03-02 14:00:00,Security,Low,Team A,72,62
355,2025-04-17,2025-04-19 00:00:00,Network,Low,Team B,72,48
356,2025-04-10,2025-04-12 18:00:00,Hardware,Medium,Team C,48,66
357,2025-05-13,2025-05-15 00:00:00,Software,Low,Team C,72,48
358,2025-01-31,2025-02-01 02:00:00,Software,Medium,Team C,48,26
359,2025-06-07,2025-06-08 18:00:00,Hardware,Medium,Team B,48,42
360,2025-03-18,2025-03-18 15:00:00,Hardware,Medium,Team A,48,15
361,2025-02-15,2025-02-16 06:00:00,Network,Low,Team A,72,30
362,2025-04-14,2025-04-16 15:00:00,Security,Low,Team C,72,63
363,2025-03-11,2025-03-14 14:00:00,Software,High,Team B,24,86
364,2025-03-04,2025-03-05 07:00:00,Security,High,Team B,24,31
365,2025-02-06,2025-02-07 01:00:00,Security,Medium,Team C,48,25
366,2025-01-17,2025-01-17 15:00:00,Software,Low,Team B,72,15
367,2025-04-28,2025-04-30 20:00:00,Software,Medium,Team C,48,68
368,2025-02-19,2025-02-19 17:00:00,Security,High,Team A,24,17
369,2025-06-13,2025-06-15 07:00:00,Network,High,Team A,24,55
370,2025-05-19,2025-05-20 12:00:00,Software,High,Team C,24,36
371,2025-06-09,2025-06-11 06:00:00,Hardware,Medium,Team C,48,54
372,2025-01-26,2025-01-28 01:00:00,Software,Low,Team A,72,49
373,2025-04-09,2025-04-09 16:00:00,Network,High,Team C,24,16
374,2025-04-29,2025-04-30 08:00:00,Network,High,Team B,24,32
375,2025-06-24,2025-06-27 09:00:00,Security,Medium,Team C,48,81
376,2025-01-27,2025-01-29 22:00:00,Network,Medium,Team A,48,70
377,2025-01-21,2025-01-23 02:00:00,Security,Low,Team C,72,50
378,2025-03-25,2025-03-25 09:00:00,Hardware,Low,Team A,72,9
379,2025-05-11,2025-05-11 04:00:00,Software,Medium,Team C,48,4
380,2025-06-11,2025-06-13 16:00:00,Hardware,Low,Team A,72,64
381,2025-01-24,2025-01-24 15:00:00,Software,High,Team C,24,15
382,2025-03-13,2025-03-15 15:00:00,Software,Low,Team A,72,63
383,2025-04-03,2025-04-05 08:00:00,Security,High,Team C,24,56
384,2025-06-23,2025-06-25 05:00:00,Security,High,Team C,24,53
385,2025-04-03,2025-04-05 19:00:00,Security,Low,Team B,72,67
386,2025-05-11,2025-05-11 23:00:00,Software,High,Team A,24,23
387,2025-01-17,2025-01-20 15:00:00,Security,Low,Team B,72,87
388,2025-06-25,2025-06-27 15:00:00,Hardware,Medium,Team B,48,63
389,2025-04-27,2025-04-27 05:00:00,Security,High,Team A,24,5
390,2025-03-13,2025-03-14 00:00:00,Software,Medium,Team B,48,24
391,2025-04-20,2025-04-21 17:00:00,Security,High,Team A,24,41
392,2025-02-02,2025-02-03 20:00:00,Security,High,Team B,24,44
393,2025-06-28,2025-07-01 19:00:00,Network,Low,Team A,72,91
394,2025-02-15,2025-02-16 11:00:00,Hardware,Medium,Team B,48,35
395,2025-04-02,2025-04-02 23:00:00,Network,Medium,Team B,48,23
396,2025-04-07,2025-04-07 05:00:00,Network,Low,Team A,72,5
397,2025-06-07,2025-06-08 12:00:00,Network,Medium,Team B,48,36
398,2025-04-13,2025-04-15 21:00:00,Software,High,Team B,24,69
399,2025-06-23,2025-06-23 18:00:00,Software,Medium,Team C,48,18
400,2025-06-21,2025-06-23 04:00:00,Security,High,Team A,24,52
401,2025-05-03,2025-05-03 09:00:00,Network,Medium,Team A,48,9
402,2025-04-13,2025-04-14 11:00:00,Network,Medium,Team B,48,35
403,2025-04-02,2025-04-04 17:00:00,Security,Medium,Team C,48,65
404,2025-05-07,2025-05-07 10:00:00,Hardware,Medium,Team B,48,10
405,2025-01-22,2025-01-23 05:00:00,Hardware,High,Team C,24,29
406,2025-02-10,2025-02-12 15:00:00,Software,Medium,Team C,48,63
407,2025-01-12,2025-01-15 18:00:00,Security,Low,Team A,72,90
408,2025-02-14,2025-02-14 22:00:00,Hardware,Medium,Team A,48,22
409,2025-05-16,2025-05-18 08:00:00,Hardware,High,Team B,24,56
410,2025-05-26,2025-05-29 14:00:00,Software,Low,Team A,72,86
411,2025-02-28,2025-02-28 06:00:00,Security,Medium,Team C,48,6
412,2025-02-04,2025-02-06 16:00:00,Network,Medium,Team C,48,64
413,2025-04-07,2025-04-07 10:00:00,Security,Low,Team B,72,10
414,2025-06-08,2025-06-10 13:00:00,Network,Low,Team B,72,61
415,2025-01-20,2025-01-22 15:00:00,Security,Medium,Team A,48,63
416,2025-06-28,2025-06-29 15:00:00,Software,Low,Team B,72,39
417,2025-03-07,2025-03-10 10:00:00,Software,Medium,Team C,48,82
418,2025-06-19,2025-06-21 13:00:00,Software,Low,Team C,72,61
419,2025-01-18,2025-01-19 19:00:00,Network,High,Team A,24,43
420,2025-04-09,2025-04-10 05:00:00,Security,Medium,Team C,48,29
421,2025-02-11,2025-02-12 23:00:00,Software,Medium,Team B,48,47
422,2025-04-29,2025-04-30 16:00:00,Network,Medium,Team A,48,40
423,2025-02-10,2025-02-12 17:00:00,Software,Low,Team C,72,65
424,2025-01-14,2025-01-17 20:00:00,Security,Medium,Team C,48,92
425,2025-03-11,2025-03-11 20:00:00,Hardware,Low,Team A,72,20
426,2025-01-28,2025-01-30 21:00:00,Hardware,Low,Team A,72,69
427,2025-06-17,2025-06-20 07:00:00,Security,Low,Team C,72,79
428,2025-02-16,2025-02-17 10:00:00,Hardware,Medium,Team C,48,34
429,2025-04-28,2025-04-28 17:00:00,Security,Medium,Team A,48,17
430,2025-01-10,2025-01-13 07:00:00,Software,Low,Team A,72,79
431,2025-05-13,2025-05-13 23:00:00,Security,High,Team A,24,23
432,2025-02-26,2025-02-28 19:00:00,Software,Low,Team C,72,67
433,2025-06-14,2025-06-16 02:00:00,Network,Low,Team A,72,50
434,2025-04-30,2025-05-01 23:00:00,Security,High,Team C,24,47
435,2025-05-14,2025-05-16 16:00:00,Security,Medium,Team B,48,64
436,2025-05-10,2025-05-13 04:00:00,Hardware,Low,Team B,72,76
437,2025-01-29,2025-01-29 04:00:00,Hardware,High,Team B,24,4
438,2025-02-28,2025-03-03 00:00:00,Network,Low,Team C,72,72
439,2025-01-12,2025-01-12 23:00:00,Network,Medium,Team C,48,23
440,2025-02-12,2025-02-15 20:00:00,Software,Low,Team A,72,92
441,2025-02-08,2025-02-10 11:00:00,Hardware,High,Team B,24,59
442,2025-05-31,2025-06-01 23:00:00,Software,High,Team B,24,47
443,2025-02-14,2025-02-16 07:00:00,Security,Medium,Team B,48,55
444,2025-05-04,2025-05-04 11:00:00,Software,Low,Team A,72,11
445,2025-01-08,2025-01-09 08:00:00,Security,Medium,Team A,48,32
446,2025-03-27,2025-03-29 02:00:00,Software,Low,Team C,72,50
447,2025-04-29,2025-05-02 21:00:00,Hardware,Medium,Team B,48,93
448,2025-04-24,2025-04-27 13:00:00,Network,Medium,Team C,48,85
449,2025-04-23,2025-04-26 07:00:00,Hardware,Low,Team B,72,79
450,2025-02-02,2025-02-02 04:00:00,Hardware,High,Team B,24,4
451,2025-02-22,2025-02-24 03:00:00,Network,Low,Team B,72,51
452,2025-03-04,2025-03-07 04:00:00,Network,Low,Team A,72,76
453,2025-06-25,2025-06-25 16:00:00,Network,Low,Team A,72,16
454,2025-06-08,2025-06-11 06:00:00,Security,Medium,Team A,48,78
455,2025-04-12,2025-04-12 07:00:00,Software,High,Team B,24,7
456,2025-03-23,2025-03-23 16:00:00,Network,High,Team C,24,16
457,2025-04-19,2025-04-22 06:00:00,Network,Medium,Team B,48,78
458,2025-03-30,2025-04-02 16:00:00,Hardware,Low,Team B,72,88
459,2025-05-23,2025-05-24 00:00:00,Hardware,Low,Team A,72,24
460,2025-06-10,2025-06-12 04:00:00,Security,Low,Team C,72,52
461,2025-06-21,2025-06-24 21:00:00,Hardware,High,Team B,24,93
462,2025-03-15,2025-03-17 21:00:00,Software,Low,Team C,72,69
463,2025-03-26,2025-03-27 05:00:00,Security,Medium,Team B,48,29
464,2025-06-05,2025-06-06 05:00:00,Network,Low,Team B,72,29
465,2025-02-17,2025-02-18 16:00:00,Hardware,High,Team C,24,40
466,2025-06-25,2025-06-28 18:00:00,Software,Medium,Team B,48,90
467,2025-04-18,2025-04-19 22:00:00,Network,Low,Team C,72,46
468,2025-04-17,2025-04-20 11:00:00,Hardware,Low,Team C,72,83
469,2025-01-25,2025-01-26 15:00:00,Hardware,High,Team C,24,39
470,2025-03-09,2025-03-10 00:00:00,Network,Medium,Team C,48,24
471,2025-02-03,2025-02-06 09:00:00,Network,Low,Team B,72,81
472,2025-01-27,2025-01-28 08:00:00,Hardware,High,Team B,24,32
473,2025-06-13,2025-06-14 09:00:00,Software,Medium,Team A,48,33
474,2025-03-18,2025-03-18 07:00:00,Software,Low,Team B,72,7
475,2025-01-07,2025-01-10 05:00:00,Hardware,Low,Team C,72,77
476,2025-03-12,2025-03-14 18:00:00,Security,Low,Team B,72,66
477,2025-02-11,2025-02-13 11:00:00,Security,Medium,Team C,48,59
478,2025-02-23,2025-02-23 04:00:00,Security,Low,Team B,72,4
479,2025-02-16,2025-02-16 16:00:00,Hardware,Medium,Team B,48,16
480,2025-01-21,2025-01-24 17:00:00,Security,Low,Team B,72,89
481,2025-01-09,2025-01-09 18:00:00,Software,Medium,Team A,48,18
482,2025-05-05,2025-05-06 21:00:00,Security,Low,Team B,72,45
483,2025-04-01,2025-04-02 16:00:00,Security,Medium,Team C,48,40
484,2025-04-10,2025-04-12 15:00:00,Hardware,Medium,Team A,48,63
485,2025-05-26,2025-05-26 22:00:00,Security,Medium,Team A,48,22
486,2025-03-10,2025-03-12 02:00:00,Network,High,Team B,24,50
487,2025-06-10,2025-06-11 00:00:00,Network,Medium,Team A,48,24
488,2025-05-23,2025-05-24 14:00:00,Security,High,Team C,24,38
489,2025-05-18,2025-05-21 04:00:00,Software,Low,Team A,72,76
490,2025-06-02,2025-06-02 05:00:00,Security,High,Team C,24,5
491,2025-03-26,2025-03-26 21:00:00,Hardware,Medium,Team B,48,21
492,2025-05-05,2025-05-06 18:00:00,Network,Low,Team C,72,42
493,2025-01-24,2025-01-26 15:00:00,Software,High,Team B,24,63
494,2025-04-12,2025-04-13 21:00:00,Security,High,Team A,24,45
495,2025-02-05,2025-02-06 15:00:00,Hardware,Low,Team A,72,39
496,2025-05-03,2025-05-06 01:00:00,Network,High,Team A,24,73
497,2025-02-18,2025-02-20 15:00:00,Software,Low,Team C,72,63
498,2025-06-09,2025-06-10 00:00:00,Security,Medium,Team B,48,24
499,2025-03-08,2025-03-09 23:00:00,Network,Medium,Team C,48,47
500,2025-03-27,2025-03-30 01:00:00,Software,High,Team B,24,73
501,2025-04-12,2025-04-15 12:00:00,Hardware,Medium,Team C,48,84
502,2025-01-30,2025-01-30 11:00:00,Software,Medium,Team A,48,11
503,2025-03-18,2025-03-19 10:00:00,Hardware,Low,Team C,72,34
504,2025-04-16,2025-04-18 17:00:00,Software,Low,Team C,72,65
505,2025-05-24,2025-05-24 15:00:00,Network,High,Team B,24,15
506,2025-01-23,2025-01-26 23:00:00,Hardware,Medium,Team A,48,95
507,2025-04-14,2025-04-16 20:00:00,Network,Medium,Team A,48,68
508,2025-03-25,2025-03-28 01:00:00,Software,Medium,Team C,48,73
509,2025-02-01,2025-02-02 12:00:00,Network,Medium,Team B,48,36
510,2025-05-22,2025-05-23 15:00:00,Network,High,Team B,24,39
511,2025-03-07,2025-03-10 16:00:00,Software,High,Team A,24,88
512,2025-03-16,2025-03-18 22:00:00,Security,Medium,Team C,48,70
513,2025-06-03,2025-06-05 23:00:00,Software,High,Team B,24,71
514,2025-06-12,2025-06-13 01:00:00,Hardware,High,Team B,24,25
515,2025-03-01,2025-03-01 15:00:00,Hardware,Low,Team B,72,15
516,2025-06-15,2025-06-18 13:00:00,Network,High,Team B,24,85
517,2025-06-07,2025-06-10 09:00:00,Software,High,Team C,24,81
518,2025-06-29,2025-06-29 17:00:00,Network,High,Team A,24,17
519,2025-06-12,2025-06-14 21:00:00,Hardware,Medium,Team C,48,69
520,2025-01-20,2025-01-23 13:00:00,Security,Medium,Team A,48,85
521,2025-01-25,2025-01-27 09:00:00,Network,High,Team B,24,57
522,2025-03-06,2025-03-09 11:00:00,Software,Medium,Team A,48,83
523,2025-06-29,2025-06-29 06:00:00,Hardware,Low,Team B,72,6
524,2025-01-25,2025-01-25 16:00:00,Network,Medium,Team A,48,16
525,2025-01-25,2025-01-28 10:00:00,Security,Low,Team A,72,82
526,2025-01-31,2025-02-03 09:00:00,Security,Medium,Team A,48,81
527,2025-03-01,2025-03-03 18:00:00,Software,Low,Team C,72,66
528,2025-05-10,2025-05-12 15:00:00,Hardware,High,Team C,24,63
529,2025-01-05,2025-01-08 14:00:00,Software,Medium,Team A,48,86
530,2025-05-10,2025-05-10 14:00:00,Software,Low,Team C,72,14
531,2025-02-25,2025-02-28 10:00:00,Network,High,Team C,24,82
532,2025-05-17,2025-05-18 00:00:00,Network,Medium,Team B,48,24
533,2025-04-25,2025-04-25 10:00:00,Security,Low,Team C,72,10
534,2025-02-09,2025-02-09 20:00:00,Network,High,Team A,24,20
535,2025-02-21,2025-02-22 15:00:00,Security,Medium,Team C,48,39
536,2025-06-27,2025-06-29 18:00:00,Network,High,Team B,24,66
537,2025-01-07,2025-01-08 06:00:00,Security,Medium,Team B,48,30
538,2025-03-27,2025-03-27 08:00:00,Software,High,Team B,24,8
539,2025-03-03,2025-03-06 22:00:00,Network,Medium,Team B,48,94
540,2025-03-20,2025-03-21 00:00:00,Software,High,Team B,24,24
541,2025-04-30,2025-05-01 18:00:00,Network,Low,Team A,72,42
542,2025-03-23,2025-03-25 00:00:00,Security,Low,Team C,72,48
543,2025-05-19,2025-05-21 18:00:00,Network,High,Team A,24,66
544,2025-01-26,2025-01-28 23:00:00,Software,Medium,Team C,48,71
545,2025-06-29,2025-06-30 08:00:00,Software,Medium,Team A,48,32
546,2025-02-11,2025-02-11 16:00:00,Network,Low,Team A,72,16
547,2025-04-30,2025-04-30 12:00:00,Network,Low,Team B,72,12
548,2025-03-01,2025-03-03 03:00:00,Network,Low,Team B,72,51
549,2025-02-27,2025-03-01 15:00:00,Security,Low,Team C,72,63
550,2025-02-03,2025-02-03 11:00:00,Hardware,Medium,Team A,48,11
551,2025-03-20,2025-03-20 20:00:00,Security,High,Team A,24,20
552,2025-03-10,2025-03-11 11:00:00,Security,Low,Team C,72,35
553,2025-04-11,2025-04-11 11:00:00,Network,Low,Team C,72,11
554,2025-02-12,2025-02-12 04:00:00,Network,High,Team C,24,4
555,2025-06-01,2025-06-01 20:00:00,Network,Low,Team B,72,20
556,2025-06-08,2025-06-08 14:00:00,Security,High,Team C,24,14
557,2025-05-15,2025-05-16 07:00:00,Hardware,High,Team B,24,31
558,2025-01-05,2025-01-05 08:00:00,Software,Medium,Team B,48,8
559,2025-02-07,2025-02-10 23:00:00,Network,High,Team A,24,95
560,2025-03-14,2025-03-16 21:00:00,Hardware,Medium,Team C,48,69
561,2025-02-18,2025-02-19 15:00:00,Software,Medium,Team A,48,39
562,2025-06-18,2025-06-21 20:00:00,Software,High,Team B,24,92
563,2025-04-24,2025-04-24 13:00:00,Network,High,Team B,24,13
564,2025-04-28,2025-04-28 16:00:00,Network,High,Team B,24,16
565,2025-01-11,2025-01-11 13:00:00,Hardware,Low,Team B,72,13
566,2025-06-02,2025-06-04 14:00:00,Software,Medium,Team A,48,62
567,2025-04-24,2025-04-25 01:00:00,Security,Medium,Team A,48,25
568,2025-06-21,2025-06-22 11:00:00,Hardware,Medium,Team A,48,35
569,2025-04-30,2025-05-01 00:00:00,Hardware,Medium,Team B,48,24
570,2025-04-29,2025-04-30 18:00:00,Network,Low,Team C,72,42
571,2025-01-18,2025-01-19 00:00:00,Network,Medium,Team A,48,24
572,2025-05-06,2025-05-06 11:00:00,Software,Medium,Team C,48,11
573,2025-05-31,2025-06-03 06:00:00,Security,Medium,Team B,48,78
574,2025-03-30,2025-03-31 01:00:00,Security,Low,Team A,72,25
575,2025-01-02,2025-01-03 08:00:00,Network,High,Team C,24,32
576,2025-02-19,2025-02-22 10:00:00,Hardware,High,Team A,24,82
577,2025-01-22,2025-01-23 22:00:00,Network,Low,Team A,72,46
578,2025-01-03,2025-01-05 18:00:00,Software,High,Team C,24,66
579,2025-06-06,2025-06-07 09:00:00,Hardware,High,Team A,24,33
580,2025-05-08,2025-05-08 11:00:00,Software,Medium,Team A,48,11
581,2025-04-18,2025-04-18 08:00:00,Hardware,Low,Team C,72,8
582,2025-03-05,2025-03-08 20:00:00,Software,Low,Team B,72,92
583,2025-06-04,2025-06-06 21:00:00,Network,Low,Team A,72,69
584,2025-06-13,2025-06-16 17:00:00,Software,Medium,Team B,48,89
585,2025-02-23,2025-02-23 15:00:00,Network,Medium,Team B,48,15
586,2025-05-01,2025-05-02 13:00:00,Network,Low,Team C,72,37
587,2025-05-24,2025-05-27 01:00:00,Security,High,Team A,24,73
588,2025-05-12,2025-05-12 07:00:00,Security,Medium,Team B,48,7
589,2025-06-03,2025-06-04 16:00:00,Software,Low,Team B,72,40
590,2025-04-13,2025-04-14 00:00:00,Software,Medium,Team B,48,24
591,2025-01-04,2025-01-06 15:00:00,Network,Low,Team A,72,63
592,2025-04-29,2025-05-02 02:00:00,Security,Low,Team B,72,74
593,2025-01-03,2025-01-06 19:00:00,Network,Medium,Team C,48,91
594,2025-05-12,2025-05-13 03:00:00,Software,Medium,Team B,48,27
595,2025-05-27,2025-05-28 10:00:00,Security,High,Team A,24,34
596,2025-03-04,2025-03-07 14:00:00,Software,Low,Team B,72,86
597,2025-02-27,2025-02-28 10:00:00,Security,High,Team A,24,34
598,2025-04-04,2025-04-06 10:00:00,Network,High,Team A,24,58
599,2025-05-26,2025-05-28 18:00:00,Security,Low,Team C,72,66
600,2025-02-16,2025-02-19 06:00:00,Network,Medium,Team A,48,78
601,2025-06-10,2025-06-10 20:00:00,Software,High,Team C,24,20
602,2025-05-23,2025-05-26 01:00:00,Hardware,Medium,Team C,48,73
603,2025-04-13,2025-04-13 12:00:00,Software,Low,Team A,72,12
604,2025-03-02,2025-03-02 13:00:00,Software,High,Team A,24,13
605,2025-04-17,2025-04-20 01:00:00,Network,High,Team A,24,73
606,2025-02-20,2025-02-20 22:00:00,Software,High,Team B,24,22
607,2025-06-03,2025-06-06 00:00:00,Network,Low,Team A,72,72
608,2025-05-29,2025-06-01 05:00:00,Security,Low,Team B,72,77
609,2025-03-31,2025-03-31 07:00:00,Software,High,Team C,24,7
610,2025-06-12,2025-06-12 04:00:00,Security,Low,Team B,72,4
611,2025-02-10,2025-02-12 09:00:00,Software,Low,Team C,72,57
612,2025-03-25,2025-03-26 03:00:00,Network,Low,Team B,72,27
613,2025-06-01,2025-06-02 09:00:00,Software,High,Team C,24,33
614,2025-01-14,2025-01-14 13:00:00,Security,Medium,Team C,48,13
615,2025-04-16,2025-04-19 20:00:00,Network,Medium,Team A,48,92
616,2025-02-14,2025-02-16 11:00:00,Hardware,Medium,Team B,48,59
617,2025-04-17,2025-04-19 12:00:00,Network,Medium,Team A,48,60
618,2025-01-07,2025-01-10 01:00:00,Hardware,High,Team B,24,73
619,2025-06-09,2025-06-12 06:00:00,Security,High,Team C,24,78
620,2025-05-29,2025-05-30 21:00:00,Software,Medium,Team A,48,45
621,2025-06-14,2025-06-16 13:00:00,Network,Medium,Team A,48,61
622,2025-05-11,2025-05-14 18:00:00,Software,Low,Team A,72,90
623,2025-05-27,2025-05-30 20:00:00,Network,Low,Team A,72,92
624,2025-06-18,2025-06-19 12:00:00,Software,Low,Team C,72,36
625,2025-03-12,2025-03-15 17:00:00,Hardware,Low,Team A,72,89
626,2025-06-01,2025-06-03 16:00:00,Network,Medium,Team B,48,64
627,2025-02-12,2025-02-13 20:00:00,Hardware,Medium,Team A,48,44
628,2025-01-17,2025-01-20 01:00:00,Software,Medium,Team B,48,73
629,2025-03-06,2025-03-09 05:00:00,Network,Low,Team B,72,77
630,2025-01-22,2025-01-24 12:00:00,Software,Medium,Team B,48,60
631,2025-05-24,2025-05-26 06:00:00,Network,High,Team B,24,54
632,2025-03-17,2025-03-20 19:00:00,Hardware,Medium,Team C,48,91
633,2025-05-18,2025-05-20 19:00:00,Hardware,High,Team A,24,67
634,2025-02-01,2025-02-01 10:00:00,Network,Medium,Team C,48,10
635,2025-03-09,2025-03-12 17:00:00,Hardware,Low,Team C,72,89
636,2025-04-26,2025-04-29 23:00:00,Software,High,Team A,24,95
637,2025-06-17,2025-06-19 13:00:00,Security,Medium,Team A,48,61
638,2025-03-07,2025-03-08 04:00:00,Security,Medium,Team C,48,28
639,2025-02-13,2025-02-14 21:00:00,Security,High,Team B,24,45
640,2025-06-16,2025-06-18 07:00:00,Hardware,Low,Team C,72,55
641,2025-06-27,2025-06-28 22:00:00,Hardware,Low,Team C,72,46
642,2025-01-11,2025-01-11 15:00:00,Software,Low,Team A,72,15
643,2025-03-26,2025-03-29 03:00:00,Hardware,Low,Team C,72,75
644,2025-05-23,2025-05-25 03:00:00,Software,Medium,Team B,48,51
645,2025-03-01,2025-03-04 15:00:00,Software,Medium,Team C,48,87
646,2025-03-21,2025-03-21 06:00:00,Network,High,Team C,24,6
647,2025-04-24,2025-04-25 19:00:00,Software,Low,Team A,72,43
648,2025-01-08,2025-01-09 11:00:00,Security,High,Team A,24,35
649,2025-01-04,2025-01-07 01:00:00,Software,Medium,Team C,48,73
650,2025-02-01,2025-02-01 12:00:00,Security,High,Team B,24,12
651,2025-04-29,2025-04-29 19:00:00,Network,High,Team A,24,19
652,2025-04-29,2025-04-30 00:00:00,Software,Low,Team B,72,24
653,2025-01-04,2025-01-05 07:00:00,Software,Medium,Team C,48,31
654,2025-02-28,2025-03-01 06:00:00,Network,Low,Team C,72,30
655,2025-04-07,2025-04-09 23:00:00,Network,Medium,Team B,48,71
656,2025-05-06,2025-05-06 08:00:00,Hardware,Low,Team A,72,8
657,2025-01-09,2025-01-11 05:00:00,Software,High,Team A,24,53
658,2025-05-19,2025-05-21 21:00:00,Hardware,Low,Team A,72,69
659,2025-05-11,2025-05-14 07:00:00,Security,Medium,Team B,48,79
660,2025-01-21,2025-01-22 07:00:00,Security,Medium,Team B,48,31
661,2025-06-10,2025-06-13 16:00:00,Hardware,Medium,Team A,48,88
662,2025-02-20,2025-02-22 02:00:00,Software,Medium,Team C,48,50
663,2025-01-23,2025-01-25 03:00:00,Security,Medium,Team A,48,51
664,2025-03-10,2025-03-10 14:00:00,Software,High,Team C,24,14
665,2025-06-12,2025-06-13 12:00:00,Security,Low,Team B,72,36
666,2025-03-07,2025-03-08 19:00:00,Security,High,Team C,24,43
667,2025-05-28,2025-05-28 04:00:00,Security,High,Team C,24,4
668,2025-05-08,2025-05-10 18:00:00,Hardware,Medium,Team A,48,66
669,2025-02-16,2025-02-17 17:00:00,Hardware,High,Team A,24,41
670,2025-02-26,2025-02-28 08:00:00,Software,Medium,Team A,48,56
671,2025-02-08,2025-02-08 12:00:00,Hardware,Low,Team C,72,12
672,2025-04-25,2025-04-25 09:00:00,Hardware,High,Team C,24,9
673,2025-04-01,2025-04-03 01:00:00,Software,Medium,Team A,48,49
674,2025-03-13,2025-03-15 17:00:00,Hardware,High,Team B,24,65
675,2025-03-19,2025-03-22 15:00:00,Network,Low,Team B,72,87
676,2025-06-03,2025-06-06 18:00:00,Software,Low,Team C,72,90
677,2025-04-20,2025-04-22 06:00:00,Hardware,Medium,Team C,48,54
678,2025-01-28,2025-01-31 15:00:00,Network,High,Team B,24,87
679,2025-03-04,2025-03-07 04:00:00,Hardware,High,Team A,24,76
680,2025-01-19,2025-01-21 02:00:00,Security,Medium,Team B,48,50
681,2025-03-02,2025-03-03 15:00:00,Security,Low,Team B,72,39
682,2025-01-09,2025-01-11 19:00:00,Network,Low,Team B,72,67
683,2025-02-22,2025-02-24 14:00:00,Software,Medium,Team A,48,62
684,2025-03-09,2025-03-12 23:00:00,Security,Medium,Team A,48,95
685,2025-05-05,2025-05-08 17:00:00,Network,High,Team C,24,89
686,2025-01-16,2025-01-18 17:00:00,Network,Medium,Team C,48,65
687,2025-01-11,2025-01-13 19:00:00,Software,Medium,Team A,48,67
688,2025-05-29,2025-06-01 00:00:00,Security,Low,Team C,72,72
689,2025-06-21,2025-06-22 12:00:00,Network,Low,Team A,72,36
690,2025-05-17,2025-05-19 23:00:00,Hardware,Low,Team B,72,71
691,2025-03-06,2025-03-06 11:00:00,Network,High,Team C,24,11
692,2025-06-17,2025-06-20 07:00:00,Software,Medium,Team C,48,79
693,2025-01-15,2025-01-15 22:00:00,Software,Low,Team B,72,22
694,2025-01-21,2025-01-23 06:00:00,Software,Low,Team A,72,54
695,2025-06-28,2025-06-28 07:00:00,Hardware,High,Team B,24,7
696,2025-03-17,2025-03-19 00:00:00,Hardware,Medium,Team B,48,48
697,2025-06-11,2025-06-14 22:00:00,Hardware,Low,Team A,72,94
698,2025-03-13,2025-03-16 18:00:00,Software,Medium,Team B,48,90
699,2025-06-02,2025-06-05 13:00:00,Network,Low,Team B,72,85
700,2025-01-27,2025-01-27 11:00:00,Hardware,Medium,Team A,48,11
701,2025-04-03,2025-04-04 19:00:00,Software,High,Team A,24,43
702,2025-03-25,2025-03-27 11:00:00,Network,Low,Team A,72,59
703,2025-02-18,2025-02-20 01:00:00,Network,Medium,Team C,48,49
704,2025-05-28,2025-05-31 21:00:00,Hardware,Low,Team A,72,93
705,2025-06-26,2025-06-28 19:00:00,Software,Medium,Team C,48,67
706,2025-02-23,2025-02-23 12:00:00,Security,Low,Team A,72,12
707,2025-02-10,2025-02-10 20:00:00,Security,Low,Team C,72,20
708,2025-02-28,2025-03-01 18:00:00,Hardware,Low,Team C,72,42
709,2025-05-21,2025-05-23 19:00:00,Hardware,Medium,Team C,48,67
710,2025-05-19,2025-05-22 08:00:00,Hardware,Medium,Team A,48,80
711,2025-01-01,2025-01-02 19:00:00,Security,High,Team A,24,43
712,2025-04-19,2025-04-19 15:00:00,Network,Low,Team A,72,15
713,2025-03-31,2025-04-03 23:00:00,Software,Low,Team A,72,95
714,2025-04-01,2025-04-03 01:00:00,Hardware,Medium,Team A,48,49
715,2025-06-24,2025-06-27 18:00:00,Network,High,Team B,24,90
716,2025-05-26,2025-05-28 21:00:00,Security,Medium,Team A,48,69
717,2025-05-07,2025-05-08 15:00:00,Software,Low,Team C,72,39
718,2025-06-05,2025-06-06 19:00:00,Security,Low,Team A,72,43
719,2025-03-17,2025-03-17 18:00:00,Network,High,Team B,24,18
720,2025-01-29,2025-02-01 05:00:00,Software,High,Team C,24,77
721,2025-01-10,2025-01-10 17:00:00,Software,High,Team B,24,17
722,2025-05-01,2025-05-02 18:00:00,Security,High,Team B,24,42
723,2025-06-04,2025-06-04 05:00:00,Network,Medium,Team C,48,5
724,2025-05-24,2025-05-25 19:00:00,Software,Low,Team A,72,43
725,2025-01-12,2025-01-13 14:00:00,Hardware,Low,Team C,72,38
726,2025-02-14,2025-02-17 10:00:00,Software,Low,Team A,72,82
727,2025-03-03,2025-03-05 04:00:00,Hardware,High,Team A,24,52
728,2025-01-23,2025-01-24 03:00:00,Network,Medium,Team A,48,27
729,2025-04-17,2025-04-17 21:00:00,Security,High,Team A,24,21
730,2025-04-29,2025-05-02 04:00:00,Network,Medium,Team B,48,76
731,2025-01-30,2025-02-01 15:00:00,Security,Medium,Team C,48,63
732,2025-06-05,2025-06-06 23:00:00,Hardware,Low,Team C,72,47
733,2025-01-23,2025-01-26 06:00:00,Security,Medium,Team C,48,78
734,2025-02-26,2025-02-27 12:00:00,Security,High,Team B,24,36
735,2025-06-05,2025-06-06 16:00:00,Hardware,Low,Team A,72,40
736,2025-02-16,2025-02-16 23:00:00,Hardware,Low,Team B,72,23
737,2025-05-26,2025-05-29 23:00:00,Hardware,High,Team C,24,95
738,2025-05-06,2025-05-06 14:00:00,Network,Low,Team B,72,14
739,2025-03-05,2025-03-08 00:00:00,Security,Medium,Team B,48,72
740,2025-03-06,2025-03-07 10:00:00,Security,Low,Team A,72,34
741,2025-06-27,2025-06-30 00:00:00,Software,High,Team C,24,72
742,2025-03-16,2025-03-18 00:00:00,Security,Medium,Team C,48,48
743,2025-06-23,2025-06-25 19:00:00,Hardware,Medium,Team C,48,67
744,2025-02-19,2025-02-19 09:00:00,Hardware,Low,Team C,72,9
745,2025-01-30,2025-01-31 21:00:00,Network,Medium,Team A,48,45
746,2025-02-06,2025-02-07 21:00:00,Security,Low,Team C,72,45
747,2025-03-28,2025-03-28 09:00:00,Security,Medium,Team A,48,9
748,2025-04-23,2025-04-24 08:00:00,Network,High,Team C,24,32
749,2025-05-06,2025-05-06 20:00:00,Network,Medium,Team A,48,20
750,2025-06-14,2025-06-16 04:00:00,Network,Medium,Team A,48,52
751,2025-03-27,2025-03-29 08:00:00,Hardware,High,Team C,24,56
752,2025-05-11,2025-05-12 21:00:00,Software,Low,Team C,72,45
753,2025-03-26,2025-03-28 01:00:00,Hardware,Low,Team C,72,49
754,2025-04-13,2025-04-15 23:00:00,Hardware,Low,Team C,72,71
755,2025-01-24,2025-01-24 16:00:00,Hardware,Medium,Team C,48,16
756,2025-06-28,2025-06-28 20:00:00,Hardware,Medium,Team B,48,20
757,2025-06-01,2025-06-01 22:00:00,Network,High,Team A,24,22
758,2025-01-08,2025-01-09 07:00:00,Network,Low,Team A,72,31
759,2025-06-13,2025-06-13 22:00:00,Hardware,High,Team A,24,22
760,2025-04-08,2025-04-08 14:00:00,Software,Low,Team C,72,14
761,2025-05-20,2025-05-21 00:00:00,Software,High,Team C,24,24
762,2025-01-05,2025-01-08 12:00:00,Security,Low,Team B,72,84
763,2025-01-12,2025-01-15 01:00:00,Network,High,Team C,24,73
764,2025-06-03,2025-06-05 03:00:00,Security,Medium,Team C,48,51
765,2025-04-12,2025-04-15 06:00:00,Network,Medium,Team C,48,78
766,2025-05-23,2025-05-24 06:00:00,Hardware,Low,Team C,72,30
767,2025-06-28,2025-06-30 08:00:00,Software,High,Team B,24,56
768,2025-04-02,2025-04-04 06:00:00,Hardware,High,Team C,24,54
769,2025-01-04,2025-01-04 10:00:00,Network,High,Team C,24,10
770,2025-03-14,2025-03-17 03:00:00,Security,Low,Team A,72,75
771,2025-03-22,2025-03-25 03:00:00,Hardware,High,Team B,24,75
772,2025-03-08,2025-03-10 14:00:00,Network,Low,Team C,72,62
773,2025-01-31,2025-02-03 11:00:00,Software,Medium,Team A,48,83
774,2025-06-20,2025-06-22 22:00:00,Software,Medium,Team B,48,70
775,2025-03-05,2025-03-06 00:00:00,Security,Medium,Team A,48,24
776,2025-06-01,2025-06-02 14:00:00,Security,Medium,Team A,48,38
777,2025-02-16,2025-02-17 14:00:00,Hardware,Medium,Team B,48,38
778,2025-04-23,2025-04-26 02:00:00,Software,High,Team C,24,74
779,2025-03-06,2025-03-07 15:00:00,Network,Low,Team A,72,39
780,2025-05-23,2025-05-24 16:00:00,Network,Low,Team A,72,40
781,2025-05-07,2025-05-07 04:00:00,Security,High,Team B,24,4
782,2025-04-14,2025-04-15 02:00:00,Network,Medium,Team B,48,26
783,2025-05-08,2025-05-08 07:00:00,Software,High,Team B,24,7
784,2025-03-16,2025-03-19 03:00:00,Hardware,Medium,Team A,48,75
785,2025-06-22,2025-06-23 13:00:00,Network,Low,Team C,72,37
786,2025-05-03,2025-05-03 19:00:00,Software,Low,Team C,72,19
787,2025-06-11,2025-06-11 19:00:00,Software,Medium,Team B,48,19
788,2025-01-13,2025-01-15 11:00:00,Hardware,High,Team B,24,59
789,2025-02-08,2025-02-10 22:00:00,Security,High,Team B,24,70
790,2025-04-30,2025-05-02 10:00:00,Hardware,Medium,Team A,48,58
791,2025-02-22,2025-02-23 18:00:00,Network,Low,Team A,72,42
792,2025-06-07,2025-06-09 08:00:00,Network,Low,Team C,72,56
793,2025-02-22,2025-02-22 22:00:00,Network,Low,Team B,72,22
794,2025-01-31,2025-02-03 12:00:00,Hardware,High,Team B,24,84
795,2025-03-15,2025-03-15 13:00:00,Security,Medium,Team B,48,13
796,2025-01-14,2025-01-16 05:00:00,Security,Medium,Team A,48,53
797,2025-06-01,2025-06-04 10:00:00,Software,Medium,Team C,48,82
798,2025-01-04,2025-01-07 08:00:00,Hardware,High,Team B,24,80
799,2025-01-12,2025-01-13 10:00:00,Software,Medium,Team B,48,34
800,2025-04-08,2025-04-11 06:00:00,Network,Low,Team C,72,78
801,2025-04-03,2025-04-04 05:00:00,Software,Medium,Team B,48,29
802,2025-03-28,2025-03-31 19:00:00,Software,Low,Team B,72,91
803,2025-03-10,2025-03-11 23:00:00,Network,Low,Team C,72,47
804,2025-05-01,2025-05-03 20:00:00,Hardware,High,Team A,24,68
805,2025-06-04,2025-06-05 13:00:00,Security,Medium,Team C,48,37
806,2025-02-20,2025-02-20 16:00:00,Hardware,Low,Team B,72,16
807,2025-04-22,2025-04-24 11:00:00,Security,High,Team A,24,59
808,2025-05-25,2025-05-27 13:00:00,Hardware,Medium,Team A,48,61
809,2025-06-10,2025-06-12 15:00:00,Hardware,Low,Team C,72,63
810,2025-05-18,2025-05-20 02:00:00,Hardware,Low,Team A,72,50
811,2025-01-13,2025-01-14 12:00:00,Security,High,Team A,24,36
812,2025-06-24,2025-06-25 04:00:00,Software,Low,Team A,72,28
813,2025-03-25,2025-03-28 14:00:00,Hardware,Low,Team B,72,86
814,2025-05-25,2025-05-27 03:00:00,Hardware,Low,Team C,72,51
815,2025-02-16,2025-02-16 21:00:00,Security,Medium,Team C,48,21
816,2025-04-15,2025-04-18 02:00:00,Network,Low,Team B,72,74
817,2025-05-21,2025-05-22 10:00:00,Software,Low,Team A,72,34
818,2025-06-15,2025-06-18 06:00:00,Software,Medium,Team A,48,78
819,2025-04-10,2025-04-13 18:00:00,Network,Low,Team B,72,90
820,2025-05-17,2025-05-20 19:00:00,Security,High,Team B,24,91
821,2025-01-03,2025-01-04 07:00:00,Software,Low,Team B,72,31
822,2025-03-06,2025-03-07 00:00:00,Security,High,Team C,24,24
823,2025-01-13,2025-01-15 12:00:00,Network,Medium,Team B,48,60
824,2025-05-18,2025-05-20 08:00:00,Security,High,Team A,24,56
825,2025-03-15,2025-03-17 01:00:00,Network,Low,Team B,72,49
826,2025-01-24,2025-01-24 05:00:00,Software,Low,Team B,72,5
827,2025-05-18,2025-05-19 14:00:00,Network,High,Team C,24,38
828,2025-04-12,2025-04-12 20:00:00,Security,Medium,Team A,48,20
829,2025-06-20,2025-06-21 04:00:00,Security,Medium,Team B,48,28
830,2025-03-06,2025-03-09 15:00:00,Hardware,High,Team A,24,87
831,2025-04-14,2025-04-17 23:00:00,Software,High,Team B,24,95
832,2025-06-19,2025-06-21 14:00:00,Hardware,Medium,Team A,48,62
833,2025-06-11,2025-06-12 16:00:00,Software,High,Team A,24,40
834,2025-06-02,2025-06-03 12:00:00,Hardware,Medium,Team C,48,36
835,2025-02-26,2025-02-26 15:00:00,Security,High,Team A,24,15
836,2025-05-15,2025-05-17 06:00:00,Network,High,Team A,24,54
837,2025-02-14,2025-02-17 17:00:00,Hardware,High,Team A,24,89
838,2025-06-06,2025-06-07 07:00:00,Network,High,Team C,24,31
839,2025-06-21,2025-06-24 21:00:00,Security,Medium,Team A,48,93
840,2025-04-29,2025-04-29 08:00:00,Security,Medium,Team C,48,8
841,2025-05-23,2025-05-24 11:00:00,Security,Medium,Team A,48,35
842,2025-01-17,2025-01-19 14:00:00,Software,High,Team B,24,62
843,2025-01-26,2025-01-27 04:00:00,Software,High,Team A,24,28
844,2025-03-24,2025-03-24 14:00:00,Network,Low,Team C,72,14
845,2025-04-05,2025-04-06 07:00:00,Hardware,High,Team A,24,31
846,2025-02-18,2025-02-20 02:00:00,Security,Medium,Team B,48,50
847,2025-02-26,2025-02-28 02:00:00,Hardware,Low,Team B,72,50
848,2025-01-26,2025-01-26 08:00:00,Security,Low,Team C,72,8
849,2025-02-23,2025-02-24 12:00:00,Software,Medium,Team C,48,36
850,2025-01-15,2025-01-17 16:00:00,Software,Low,Team B,72,64
851,2025-05-14,2025-05-15 17:00:00,Software,Medium,Team B,48,41
852,2025-03-19,2025-03-22 05:00:00,Software,Low,Team C,72,77
853,2025-01-03,2025-01-03 09:00:00,Network,Low,Team C,72,9
854,2025-04-18,2025-04-19 12:00:00,Network,High,Team A,24,36
855,2025-02-19,2025-02-19 14:00:00,Hardware,Medium,Team A,48,14
856,2025-01-16,2025-01-18 23:00:00,Hardware,High,Team B,24,71
857,2025-03-17,2025-03-17 14:00:00,Network,Low,Team B,72,14
858,2025-01-19,2025-01-22 18:00:00,Hardware,Medium,Team B,48,90
859,2025-06-03,2025-06-03 09:00:00,Security,High,Team A,24,9
860,2025-02-28,2025-02-28 20:00:00,Hardware,High,Team A,24,20
861,2025-03-21,2025-03-23 21:00:00,Software,High,Team A,24,69
862,2025-04-16,2025-04-16 11:00:00,Software,High,Team B,24,11
863,2025-03-06,2025-03-07 22:00:00,Hardware,Low,Team C,72,46
864,2025-03-25,2025-03-28 19:00:00,Software,Medium,Team A,48,91
865,2025-03-27,2025-03-28 23:00:00,Network,Low,Team B,72,47
866,2025-02-05,2025-02-08 23:00:00,Security,Medium,Team C,48,95
867,2025-06-20,2025-06-23 16:00:00,Security,Medium,Team B,48,88
868,2025-02-24,2025-02-27 03:00:00,Security,High,Team B,24,75
869,2025-04-11,2025-04-12 06:00:00,Network,Low,Team C,72,30
870,2025-04-18,2025-04-18 16:00:00,Network,Medium,Team A,48,16
871,2025-06-04,2025-06-05 13:00:00,Hardware,Low,Team A,72,37
872,2025-04-03,2025-04-06 02:00:00,Network,High,Team A,24,74
873,2025-04-04,2025-04-05 14:00:00,Hardware,Low,Team C,72,38
874,2025-04-01,2025-04-04 21:00:00,Software,Low,Team B,72,93
875,2025-06-22,2025-06-25 15:00:00,Network,High,Team B,24,87
876,2025-03-09,2025-03-11 20:00:00,Software,Low,Team B,72,68
877,2025-06-03,2025-06-03 23:00:00,Security,High,Team B,24,23
878,2025-02-28,2025-03-03 06:00:00,Network,Low,Team A,72,78
879,2025-05-02,2025-05-04 20:00:00,Network,Medium,Team B,48,68
880,2025-06-18,2025-06-20 23:00:00,Network,High,Team C,24,71
881,2025-05-29,2025-06-01 07:00:00,Software,High,Team C,24,79
882,2025-04-19,2025-04-21 15:00:00,Hardware,High,Team C,24,63
883,2025-03-12,2025-03-13 05:00:00,Security,Low,Team A,72,29
884,2025-05-12,2025-05-13 02:00:00,Software,High,Team B,24,26
885,2025-04-26,2025-04-26 11:00:00,Network,High,Team C,24,11
886,2025-02-15,2025-02-16 07:00:00,Software,Low,Team C,72,31
887,2025-03-09,2025-03-09 18:00:00,Hardware,Low,Team A,72,18
888,2025-04-21,2025-04-22 03:00:00,Hardware,High,Team A,24,27
889,2025-06-13,2025-06-14 03:00:00,Security,Medium,Team C,48,27
890,2025-02-03,2025-02-05 12:00:00,Network,High,Team A,24,60
891,2025-04-26,2025-04-27 02:00:00,Network,Low,Team C,72,26
892,2025-03-03,2025-03-04 20:00:00,Network,Low,Team A,72,44
893,2025-02-23,2025-02-26 01:00:00,Network,Low,Team B,72,73
894,2025-06-17,2025-06-17 10:00:00,Hardware,Medium,Team A,48,10
895,2025-03-02,2025-03-05 15:00:00,Hardware,High,Team B,24,87
896,2025-02-16,2025-02-18 23:00:00,Security,Medium,Team C,48,71
897,2025-06-13,2025-06-14 20:00:00,Network,Low,Team C,72,44
898,2025-02-27,2025-03-01 05:00:00,Software,Medium,Team A,48,53
899,2025-01-25,2025-01-26 06:00:00,Hardware,Medium,Team A,48,30
900,2025-05-06,2025-05-08 02:00:00,Software,High,Team B,24,50
901,2025-02-23,2025-02-24 00:00:00,Security,Low,Team C,72,24
902,2025-01-31,2025-02-01 21:00:00,Software,High,Team B,24,45
903,2025-01-09,2025-01-12 12:00:00,Hardware,Medium,Team B,48,84
904,2025-01-17,2025-01-19 23:00:00,Security,High,Team A,24,71
905,2025-05-03,2025-05-04 00:00:00,Network,Medium,Team A,48,24
906,2025-03-06,2025-03-08 18:00:00,Network,High,Team A,24,66
907,2025-05-07,2025-05-10 19:00:00,Software,High,Team C,24,91
908,2025-05-03,2025-05-06 01:00:00,Network,High,Team C,24,73
909,2025-05-02,2025-05-03 18:00:00,Network,Medium,Team A,48,42
910,2025-03-22,2025-03-23 13:00:00,Hardware,Low,Team A,72,37
911,2025-03-14,2025-03-14 16:00:00,Software,Medium,Team A,48,16
912,2025-01-03,2025-01-06 12:00:00,Hardware,Low,Team C,72,84
913,2025-04-19,2025-04-21 10:00:00,Security,Low,Team A,72,58
914,2025-01-15,2025-01-16 11:00:00,Security,Medium,Team A,48,35
915,2025-03-24,2025-03-25 22:00:00,Security,High,Team B,24,46
916,2025-02-27,2025-02-28 12:00:00,Software,Medium,Team A,48,36
917,2025-05-12,2025-05-15 19:00:00,Hardware,Low,Team C,72,91
918,2025-05-14,2025-05-16 04:00:00,Security,High,Team A,24,52
919,2025-01-27,2025-01-30 11:00:00,Software,Low,Team B,72,83
920,2025-05-27,2025-05-30 07:00:00,Security,High,Team C,24,79
921,2025-03-30,2025-03-30 23:00:00,Hardware,High,Team B,24,23
922,2025-04-30,2025-05-01 01:00:00,Hardware,Low,Team A,72,25
923,2025-03-13,2025-03-13 10:00:00,Software,High,Team C,24,10
924,2025-04-24,2025-04-24 19:00:00,Hardware,High,Team C,24,19
925,2025-03-13,2025-03-13 15:00:00,Software,Low,Team C,72,15
926,2025-05-13,2025-05-14 06:00:00,Security,Low,Team B,72,30
927,2025-04-07,2025-04-07 08:00:00,Network,Medium,Team A,48,8
928,2025-04-28,2025-04-30 14:00:00,Network,Medium,Team B,48,62
929,2025-04-22,2025-04-22 22:00:00,Software,Low,Team C,72,22
930,2025-02-16,2025-02-17 18:00:00,Security,Low,Team A,72,42
931,2025-03-25,2025-03-27 09:00:00,Hardware,High,Team C,24,57
932,2025-01-14,2025-01-17 18:00:00,Hardware,Medium,Team A,48,90
933,2025-05-28,2025-05-29 08:00:00,Security,Medium,Team C,48,32
934,2025-04-15,2025-04-17 12:00:00,Security,Medium,Team B,48,60
935,2025-06-06,2025-06-09 05:00:00,Network,Medium,Team B,48,77
936,2025-02-27,2025-03-02 00:00:00,Security,Medium,Team A,48,72
937,2025-03-23,2025-03-26 21:00:00,Security,Low,Team A,72,93
938,2025-06-26,2025-06-29 07:00:00,Hardware,High,Team C,24,79
939,2025-01-10,2025-01-13 20:00:00,Hardware,Medium,Team B,48,92
940,2025-06-15,2025-06-16 01:00:00,Software,High,Team C,24,25
941,2025-02-08,2025-02-11 22:00:00,Network,High,Team B,24,94
942,2025-01-20,2025-01-23 22:00:00,Network,Medium,Team C,48,94
943,2025-03-25,2025-03-27 21:00:00,Software,Low,Team B,72,69
944,2025-05-30,2025-06-01 22:00:00,Software,High,Team C,24,70
945,2025-01-10,2025-01-13 04:00:00,Network,Medium,Team A,48,76
946,2025-04-10,2025-04-12 14:00:00,Security,Medium,Team A,48,62
947,2025-03-06,2025-03-09 14:00:00,Software,Low,Team B,72,86
948,2025-02-22,2025-02-25 10:00:00,Hardware,Medium,Team C,48,82
949,2025-02-17,2025-02-18 00:00:00,Hardware,Medium,Team B,48,24
950,2025-06-07,2025-06-08 04:00:00,Network,Low,Team A,72,28
951,2025-02-14,2025-02-16 23:00:00,Hardware,Low,Team A,72,71
952,2025-06-13,2025-06-16 14:00:00,Network,Medium,Team A,48,86
953,2025-02-15,2025-02-16 11:00:00,Security,Medium,Team B,48,35
954,2025-05-25,2025-05-28 05:00:00,Software,High,Team B,24,77
955,2025-06-27,2025-06-28 14:00:00,Security,High,Team A,24,38
956,2025-05-07,2025-05-08 04:00:00,Security,High,Team C,24,28
957,2025-05-12,2025-05-15 04:00:00,Hardware,Medium,Team C,48,76
958,2025-04-02,2025-04-02 20:00:00,Hardware,Low,Team A,72,20
959,2025-06-19,2025-06-21 05:00:00,Security,Low,Team C,72,53
960,2025-04-23,2025-04-24 02:00:00,Hardware,High,Team C,24,26
961,2025-04-20,2025-04-23 00:00:00,Hardware,Medium,Team C,48,72
962,2025-03-02,2025-03-04 05:00:00,Hardware,Medium,Team B,48,53
963,2025-06-10,2025-06-13 06:00:00,Security,Medium,Team B,48,78
964,2025-02-17,2025-02-17 13:00:00,Software,Medium,Team C,48,13
965,2025-01-19,2025-01-20 15:00:00,Hardware,High,Team A,24,39
966,2025-06-23,2025-06-23 06:00:00,Software,Medium,Team A,48,6
967,2025-04-30,2025-05-03 22:00:00,Software,High,Team B,24,94
968,2025-03-14,2025-03-14 09:00:00,Hardware,Low,Team C,72,9
969,2025-04-23,2025-04-25 15:00:00,Security,Low,Team B,72,63
970,2025-02-06,2025-02-06 12:00:00,Software,High,Team A,24,12
971,2025-01-02,2025-01-04 16:00:00,Software,High,Team C,24,64
972,2025-06-17,2025-06-18 15:00:00,Software,High,Team A,24,39
973,2025-03-20,2025-03-23 23:00:00,Software,Medium,Team C,48,95
974,2025-05-30,2025-05-30 14:00:00,Software,Low,Team A,72,14
975,2025-01-04,2025-01-07 17:00:00,Security,High,Team A,24,89
976,2025-04-17,2025-04-19 09:00:00,Security,High,Team A,24,57
977,2025-02-24,2025-02-24 06:00:00,Software,Medium,Team B,48,6
978,2025-05-01,2025-05-01 04:00:00,Software,Medium,Team A,48,4
979,2025-06-06,2025-06-06 08:00:00,Network,Medium,Team A,48,8
980,2025-04-19,2025-04-21 02:00:00,Security,High,Team C,24,50
981,2025-03-10,2025-03-10 04:00:00,Security,High,Team B,24,4
982,2025-01-23,2025-01-24 04:00:00,Network,Low,Team C,72,28
983,2025-05-02,2025-05-04 07:00:00,Security,Low,Team A,72,55
984,2025-02-24,2025-02-26 01:00:00,Security,High,Team A,24,49
985,2025-02-05,2025-02-07 04:00:00,Software,Medium,Team C,48,52
986,2025-03-21,2025-03-24 16:00:00,Network,Low,Team B,72,88
987,2025-04-19,2025-04-20 14:00:00,Hardware,Medium,Team A,48,38
988,2025-04-28,2025-04-28 08:00:00,Software,High,Team A,24,8
989,2025-03-17,2025-03-20 18:00:00,Security,High,Team B,24,90
990,2025-02-26,2025-03-01 17:00:00,Network,Low,Team C,72,89
991,2025-06-14,2025-06-17 18:00:00,Network,Medium,Team C,48,90
992,2025-04-22,2025-04-23 02:00:00,Network,Low,Team C,72,26
993,2025-04-14,2025-04-17 16:00:00,Software,Low,Team B,72,88
994,2025-04-18,2025-04-18 21:00:00,Software,Medium,Team B,48,21
995,2025-02-02,2025-02-03 09:00:00,Network,Medium,Team C,48,33
996,2025-06-09,2025-06-10 21:00:00,Hardware,Medium,Team B,48,45
997,2025-05-18,2025-05-19 15:00:00,Software,Low,Team B,72,39
998,2025-01-28,2025-01-28 14:00:00,Software,High,Team C,24,14
999,2025-02-16,2025-02-16 22:00:00,Software,High,Team B,24,22
1000,2025-06-05,2025-06-06 03:00:00,Security,High,Team A,24,27
